application_id,candidate_id,job_id,action,status
A001,C001,J001,applied,active
A002,C001,J005,viewed,active
A003,C001,J017,applied,active
A004,C001,J021,interested,active
A005,C001,J044,viewed,active
A006,C002,J002,applied,active
A007,C002,J019,interested,active
A008,C002,J027,viewed,active
A009,C002,J052,applied,active
A010,C002,J068,viewed,active
A011,C003,J003,applied,active
A012,C003,J006,interested,active
A013,C003,J028,applied,active
A014,C003,J042,viewed,active
A015,C003,J067,interested,active
A016,C004,J004,applied,active
A017,C004,J018,viewed,active
A018,C004,J029,interested,active
A019,C004,J037,applied,active
A020,C004,J062,viewed,active
A021,C005,J005,applied,active
A022,C005,J008,interested,active
A023,C005,J026,viewed,active
A024,C005,J033,applied,active
A025,C005,J055,interested,active
A026,C006,J007,applied,active
A027,C006,J015,viewed,active
A028,C006,J032,interested,active
A029,C006,J057,applied,active
A030,C006,J082,viewed,active
A031,C007,J009,applied,active
A032,C007,J020,interested,active
A033,C007,J031,viewed,active
A034,C007,J039,applied,active
A035,C007,J081,interested,active
A036,C008,J010,applied,active
A037,C008,J025,viewed,active
A038,C008,J045,interested,active
A039,C008,J070,applied,active
A040,C008,J095,viewed,active
A041,C009,J011,applied,active
A042,C009,J035,interested,active
A043,C009,J060,viewed,active
A044,C009,J085,applied,active
A045,C009,J094,interested,active
A046,C010,J012,applied,active
A047,C010,J040,viewed,active
A048,C010,J065,interested,active
A049,C010,J090,applied,active
A050,C010,J100,viewed,active
A051,C011,J013,applied,active
A052,C011,J047,viewed,active
A053,C011,J064,interested,active
A054,C011,J072,applied,active
A055,C011,J089,viewed,active
A056,C012,J014,applied,active
A057,C012,J038,interested,active
A058,C012,J049,viewed,active
A059,C012,J063,applied,active
A060,C012,J074,interested,active
A061,C013,J016,applied,active
A062,C013,J023,viewed,active
A063,C013,J034,interested,active
A064,C013,J050,applied,active
A065,C013,J075,viewed,active
A066,C014,J022,applied,active
A067,C014,J048,interested,active
A068,C014,J073,viewed,active
A069,C014,J082,applied,active
A070,C014,J098,interested,active
A071,C015,J024,applied,active
A072,C015,J046,viewed,active
A073,C015,J071,interested,active
A074,C015,J085,applied,active
A075,C015,J096,viewed,active
A076,C016,J001,applied,active
A077,C016,J021,interested,active
A078,C016,J044,viewed,active
A079,C016,J051,applied,active
A080,C016,J069,interested,active
A081,C017,J002,applied,active
A082,C017,J027,viewed,active
A083,C017,J043,interested,active
A084,C017,J052,applied,active
A085,C017,J093,viewed,active
A086,C018,J003,applied,active
A087,C018,J028,interested,active
A088,C018,J042,viewed,active
A089,C018,J067,applied,active
A090,C018,J092,interested,active
A091,C019,J004,applied,active
A092,C019,J018,viewed,active
A093,C019,J037,interested,active
A094,C019,J062,applied,active
A095,C019,J079,viewed,active
A096,C020,J005,applied,active
A097,C020,J017,interested,active
A098,C020,J026,viewed,active
A099,C020,J041,applied,active
A100,C020,J080,interested,active