feedback_id,candidate_id,job_id,feedback
F001,C001,J001,interested
F002,C001,J005,interested
F003,C001,J017,applied
F004,C001,J021,interested
F005,C001,J044,not_interested
F006,C002,J002,interested
F007,C002,J019,applied
F008,C002,J027,not_interested
F009,C002,J052,interested
F010,C002,J068,interested
F011,C003,J003,applied
F012,C003,J006,interested
F013,C003,J028,applied
F014,C003,J042,not_interested
F015,C003,J067,interested
F016,C004,J004,interested
F017,C004,J018,not_interested
F018,C004,J029,interested
F019,C004,J037,applied
F020,C004,J062,interested
F021,C005,J005,applied
F022,C005,J008,interested
F023,C005,J026,not_interested
F024,C005,J033,applied
F025,C005,J055,interested
F026,C006,J007,interested
F027,C006,J015,not_interested
F028,C006,J032,interested
F029,C006,J057,applied
F030,C006,J082,interested
F031,C007,J009,applied
F032,C007,J020,interested
F033,C007,J031,not_interested
F034,C007,J039,applied
F035,C007,J081,interested
F036,C008,J010,interested
F037,C008,J025,not_interested
F038,C008,J045,interested
F039,C008,J070,applied
F040,C008,J095,interested
F041,C009,J011,applied
F042,C009,J035,interested
F043,C009,J060,not_interested
F044,C009,J085,applied
F045,C009,J094,interested
F046,C010,J012,interested
F047,C010,J040,not_interested
F048,C010,J065,interested
F049,C010,J090,applied
F050,C010,J100,interested
F051,C011,J013,applied
F052,C011,J047,not_interested
F053,C011,J064,interested
F054,C011,J072,applied
F055,C011,J089,interested
F056,C012,J014,applied
F057,C012,J038,interested
F058,C012,J049,not_interested
F059,C012,J063,applied
F060,C012,J074,interested
F061,C013,J016,applied
F062,C013,J023,interested
F063,C013,J034,not_interested
F064,C013,J050,applied
F065,C013,J075,interested
F066,C014,J022,applied
F067,C014,J048,interested
F068,C014,J073,not_interested
F069,C014,J082,applied
F070,C014,J098,interested
F071,C015,J024,applied
F072,C015,J046,interested
F073,C015,J071,not_interested
F074,C015,J085,applied
F075,C015,J096,interested
F076,C016,J001,applied
F077,C016,J021,interested
F078,C016,J044,not_interested
F079,C016,J051,applied
F080,C016,J069,interested
F081,C017,J002,applied
F082,C017,J027,not_interested
F083,C017,J043,interested
F084,C017,J052,applied
F085,C017,J093,interested
F086,C018,J003,applied
F087,C018,J028,interested
F088,C018,J042,not_interested
F089,C018,J067,applied
F090,C018,J092,interested
F091,C019,J004,applied
F092,C019,J018,interested
F093,C019,J037,not_interested
F094,C019,J062,applied
F095,C019,J079,interested
F096,C020,J005,applied
F097,C020,J017,interested
F098,C020,J026,not_interested
F099,C020,J041,applied
F100,C020,J080,interested
F101,C001,J001,interested
F102,sakshi_10,J001,applied
