rating_id,candidate_id,job_id,rating
R001,C001,J001,5.0
R002,C001,J005,4.0
R003,C001,J017,5.0
R004,C001,J021,4.0
R005,C001,J044,3.0
R006,C002,J002,5.0
R007,C002,J019,4.0
R008,C002,J027,3.0
R009,C002,J052,5.0
R010,C002,J068,4.0
R011,C003,J003,5.0
R012,C003,J006,4.0
R013,C003,J028,5.0
R014,C003,J042,3.0
R015,C003,J067,4.0
R016,C004,J004,5.0
R017,C004,J018,4.0
R018,C004,J029,3.0
R019,C004,J037,5.0
R020,C004,J062,4.0
R021,C005,J005,5.0
R022,C005,J008,4.0
R023,C005,J026,3.0
R024,C005,J033,5.0
R025,C005,J055,4.0
R026,C006,J007,5.0
R027,C006,J015,3.0
R028,C006,J032,4.0
R029,C006,J057,5.0
R030,C006,J082,4.0
R031,C007,J009,5.0
R032,C007,J020,4.0
R033,C007,J031,3.0
R034,C007,J039,5.0
R035,C007,J081,4.0
R036,C008,J010,5.0
R037,C008,J025,4.0
R038,C008,J045,3.0
R039,C008,J070,5.0
R040,C008,J095,4.0
R041,C009,J011,5.0
R042,C009,J035,4.0
R043,C009,J060,3.0
R044,C009,J085,5.0
R045,C009,J094,4.0
R046,C010,J012,5.0
R047,C010,J040,3.0
R048,C010,J065,4.0
R049,C010,J090,5.0
R050,C010,J100,4.0
R051,C011,J013,5.0
R052,C011,J047,3.0
R053,C011,J064,4.0
R054,C011,J072,5.0
R055,C011,J089,4.0
R056,C012,J014,5.0
R057,C012,J038,4.0
R058,C012,J049,3.0
R059,C012,J063,5.0
R060,C012,J074,4.0
R061,C013,J016,5.0
R062,C013,J023,4.0
R063,C013,J034,3.0
R064,C013,J050,5.0
R065,C013,J075,4.0
R066,C014,J022,5.0
R067,C014,J048,4.0
R068,C014,J073,3.0
R069,C014,J082,5.0
R070,C014,J098,4.0
R071,C015,J024,5.0
R072,C015,J046,4.0
R073,C015,J071,3.0
R074,C015,J085,5.0
R075,C015,J096,4.0
R076,C016,J001,5.0
R077,C016,J021,4.0
R078,C016,J044,3.0
R079,C016,J051,5.0
R080,C016,J069,4.0
R081,C017,J002,5.0
R082,C017,J027,3.0
R083,C017,J043,4.0
R084,C017,J052,5.0
R085,C017,J093,4.0
R086,C018,J003,5.0
R087,C018,J028,4.0
R088,C018,J042,3.0
R089,C018,J067,5.0
R090,C018,J092,4.0
R091,C019,J004,5.0
R092,C019,J018,4.0
R093,C019,J037,3.0
R094,C019,J062,5.0
R095,C019,J079,4.0
R096,C020,J005,5.0
R097,C020,J017,4.0
R098,C020,J026,3.0
R099,C020,J041,5.0
R100,C020,J080,4.0
R101,C001,J001,5.0
R102,sakshi_10,J001,5.0
